{"results": {"math": 1.0, "code": 0.8, "reasoning": 0.4, "conversation": 0.5333333333333333, "knowledge": 1.0, "science": 0.4}, "average": 0.688888888888889}