{
  "reasoning": {
    "expert_name": "reasoning",
    "dataset": "gsm8k",
    "timestamp": "2026-02-20T15:59:15.032893",
    "train_loss": [
      1.0820177826732957,
      0.038545964955508764,
      0.0036505134369705706
    ],
    "val_loss": [
      0.13308790684889324,
      0.12399823761790714,
      0.12706883192992455
    ],
    "test_ppl": 1.1466452524364987,
    "best_val_loss": 0.12399823761790714,
    "best_epoch": 2,
    "samples_seen": 17937,
    "improved": true
  }
}